<?xml version="1.0" encoding="UTF-8"?>
<DockingPaneLayouts CompactMode="1">
	<DSP_PANE_SECTION>
		<Summary Panes="5" TopContainer="2" Client="5"/>
		<Pane-1 Type="0" DockingCX="360" DockingCY="286" Title="Data1\n\n" ID="59504" DockingHolder="3" LastHolder="3"/>
		<Pane-2 Type="2" DockingCX="1298" Horiz="1" Panes="2" Pane-1="3" Pane-2="4"/>
		<Pane-3 Type="1" DockingCX="360" DockingCY="286" Panes="1" Selected="1" Pane-1="1"/>
		<Pane-4 Type="2" DockingCX="1556" Panes="1" Pane-1="5"/>
		<Pane-5 Type="4" DockingCX="934"/>
	</DSP_PANE_SECTION>
</DockingPaneLayouts>
