<?xml version="1.0" encoding="UTF-8"?>
<DockingPaneLayouts CompactMode="1">
	<DSP_PANE_SECTION>
		<Summary Panes="5" TopContainer="2" Client="4"/>
		<Pane-1 Type="0" DockingCX="1024" DockingCY="100" Title="Output\nOutput Window\n" ID="59503" DockingHolder="5" LastHolder="5"/>
		<Pane-2 Type="2" Panes="2" Pane-1="3" Pane-2="5"/>
		<Pane-3 Type="2" DockingCY="754" Horiz="1" Panes="1" Pane-1="4"/>
		<Pane-4 Type="4" DockingCY="521"/>
		<Pane-5 Type="1" DockingCX="1024" DockingCY="100" Panes="1" Selected="1" Pane-1="1"/>
	</DSP_PANE_SECTION>
</DockingPaneLayouts>
